#,FECHA,MES,A—O,HORA,CAUSAS DE SINIESTRO,TIPOLOGIA,FALLECIDOS,LESIONADOS,ZONA,TIPO ZONA,PARROQUIA,CIRCUITO,TIPO DE VEH√çCULO,TIPO VEH√çCULO 2,TIPO VEH√çCULO 2 2,DIRECCI”N,GRUPO,LATITUD,LONGITUD,# PARTE,DIA
47,15/1/2014,ENERO,2014,9:53,CONDUCIR DESATENTO A LAS CONDICIONES DE TR√ÅNSITO,VOLCAMIENTO,1,0,S/D,URBANO,SIDCAY,S/D,TANQUERO,S/D,S/D,SIDCAY -LA ALBORADA,S/G,,,2726,MIERCOLES
56,16/1/2014,ENERO,2014,3:02,CONDUCIR DESATENTO A LAS CONDICIONES DE TR√ÅNSITO,CHOQUE LATERAL,1,1,S/D,URBANO,SAN SEBASTIAN,S/D,AUTOMOVIL,S/D,S/D,JUAN JARAMILLO Y MARIANO CUEVA ,S/G,-2.550278,-79.030278,3061,JUEVES
74,21/1/2014,ENERO,2014,17:10,CONDUCIR DESATENTO A LAS CONDICIONES DE TR√ÅNSITO,ESTRELLAMIENTO,1,0,S/D,RURAL,SUCRE,S/D,MOTOCICLETA,S/D,S/D,VIA A TURI -TARQUI,S/G,-2.914722,-79.033056,2783,MARTES
96,25/1/2014,ENERO,2014,17:30,CONDUCIR DESATENTO A LAS CONDICIONES DE TR√ÅNSITO,ARROLLAMIENTO,1,0,S/D,URBANO,SAYAUSÕ,S/D,BUS,S/D,S/D,DON BOSCO Y FRANCISCO DE ORELLANA,S/G,,,#N/D,SABADO
111,31/1/2014,ENERO,2014,6:00,REBASAR A OTRO VEH√çCULO EN MOVIMIENTO EN SITIOS PELIGROSOS,CHOQUE LATERAL,1,0,NORTE,RURAL,CA—ARIBAMBA,S/D,SERVICIO PUBLICO ,S/D,S/D,AV. AM…RICAS Y CAMINO VIEJO A BA—OS,S/G,-2.901667,-78.984444,2870,VIERNES
121,3/2/2014,FEBRERO,2014,9:00,CONDUCIR DESATENTO A LAS CONDICIONES DE TR√ÅNSITO,VOLCAMIENTO,2,0,S/D,RURAL,YANUNCAY,S/D,AUTOMOVIL,AUTOMOVIL,S/D,VIA A SININCAY -BARRIO LA MERCED ,S/G,-2.915917,-79.026060,2924,LUNES
144,8/2/2014,FEBRERO,2014,21:40,CONDUCIR DESATENTO A LAS CONDICIONES DE TR√ÅNSITO,PERDIDA DE PISTA ,1,0,SUR,RURAL,HUAYNA CAPAC,S/D,JEEP,S/D,S/D,VIA AL VALLE -EL DESPACHO,S/G,-2.898673,-78.996675,2978,SABADO
172,14/2/2014,FEBRERO,2014,15:45,CONDUCIR DESATENTO A LAS CONDICIONES DE TR√ÅNSITO,ATROPELLO,1,0,NORTE,RURAL,EL SAGRARIO,S/D,AUTOMOVIL,S/D,S/D,VIA SANTA ROSA Y VIA AL CEMENTERIO SANTA ROSA ,S/G,-2.892800,-79.004052,3031,VIERNES
181,15/2/2014,FEBRERO,2014,19:10,CONDUCIR DESATENTO A LAS CONDICIONES DE TR√ÅNSITO,ATROPELLO,1,0,SUR,URBANO,HUAYNA CAPAC,S/D,AUTOMOVIL,S/D,S/D,SARAR Y VIA AL TEJAR ,S/G,-2.911145,-79.992561,3046,SABADO
206,22/2/2014,FEBRERO,2014,10:00,CONDUCE BAJO LA INFLUENCIA DE ALCOHOL,ATROPELLO,1,1,NORTE,URBANO,EL VECINO,S/D,CAMIONETA,S/D,S/D,BUERAN Y QUILATOA,S/G,-2.891901,-78.981846,3104,SABADO
214,25/2/2014,FEBRERO,2014,7:50,CONDUCIR DESATENTO A LAS CONDICIONES DE TR√ÅNSITO,CHOQUE LATERAL,1,0,S/D,URBANO,YANUNCAY,S/D,AUTOMOVIL,S/D,S/D,LUIS MOSCOSO Y MANUEL IGNACIO OCHOA,S/G,-2.908861,-79.036475,3123,MARTES
347,29/3/2014,MARZO,2014,9:15,CONDUCIR DESATENTO A LAS CONDICIONES DE TR√ÅNSITO,CHOQUE LATERAL,1,0,SUR,URBANO,BA—OS,S/D,OMNIBUS,BICICLETA,S/D,SANGURIMA Y PADRE AGUIRRE,S/G,-2.905634,-79.069945,3378,SABADO
357,30/3/2014,MARZO,2014,22:30,CONDUCIR DESATENTO A LAS CONDICIONES DE TR√ÅNSITO,CHOQUE LATERAL,1,0,SUR,URBANO,HUAYNA CAPAC,S/D,CAMIONETA,S/D,S/D,LOJA E ISABEL LA CATOLICA,S/G,-2.893487,-78.993684,3395,DOMINGO
375,4/4/2014,ABRIL,2014,7:05,CAUSAS DESCONOCIDAS,ATROPELLO,1,0,S/D,URBANO,SUCRE,S/D,,S/D,S/D,AUTOPISTA CUENCA-AZOGUES (ENTRADA CAMPOSANTO SANTA ANA),S/G,-2.908510,-79.016886,3429,VIERNES
404,12/4/2014,ABRIL,2014,7:30,CONDUCIR DESATENTO A LAS CONDICIONES DE TR√ÅNSITO,CHOQUE LATERAL,1,0,SUR,URBANO,MONAY,S/D,MOTOCICLETA,S/D,S/D,GONZALES SUAREZ Y PASEO DE LOS CA—ARIS,S/G,-2.898868,-78.970072,3504,SABADO
433,19/4/2014,ABRIL,2014,19:43,CONDUCIR DESATENTO A LAS CONDICIONES DE TR√ÅNSITO,ATROPELLO,1,0,S/D,URBANO,SUCRE,S/D,,S/D,S/D,10 DE AGOSTO Y SOLANO,S/G,-2.910504,-79.010307,3550,SABADO
448,22/4/2014,ABRIL,2014,20:40,CONDUCIR DESATENTO A LAS CONDICIONES DE TR√ÅNSITO,ATROPELLO,1,0,NORTE,URBANO,SAN BLAS,S/D,,S/D,S/D,UNIDAD NACIONAL Y GUAYANA,S/G,-2.884070,-79.981128,3580,MARTES
475,27/4/2014,ABRIL,2014,23:00,CONDUCIR DESATENTO A LAS CONDICIONES DE TR√ÅNSITO,ARROLLAMIENTO,1,0,SUR,RURAL,EL VALLE,S/D,CAMIONETA,S/D,S/D,VIA AL VALLE -POLOMA,S/G,-2.948194,-78.970383,3625,DOMINGO
530,10/5/2014,MAYO,2014,23:01,EXCESO DE VELOCIDAD,PERDIDA DE PISTA ,1,2,SUR,URBANA,HUAYNA CAPAC,S/D,JEEP,S/D,S/D,PUMAPUNGO Y PASEO DE LOS CA—ARIS,S/G,-2.891006,-78.992004,3743,SABADO
548,15/5/2014,MAYO,2014,15:44,IMPRUDENCIA DEL PEATON,ARROLLAMIENTO,1,0,S/D,URBANO,YANUNCAY,S/D,OMNIBUS,S/D,S/D,AV. AMERICAS Y CARLOS ARIZAGA,S/G,-2.899640,-79.027043,3774,JUEVES
595,26/5/2014,MAYO,2014,13:45,DA—OS MEC¡NICOS,ATROPELLO,1,0,S/D,URBANO,YANUNCAY,S/D,,S/D,S/D,LOJA Y PICHINCHA,S/G,-2.305456,-79.288859,3865,LUNES
696,18/6/2014,JUNIO,2014,19:01,CONDUCIR EN SENTIDO CONTRARIO A LA VÕA,CHOQUE FRONTAL,1,0,S/D,RURAL,SAN SEBASTIAN,S/D,ESPECIAL,S/D,S/D,VÕA A SANTA ANA,S/G,-2.893814,-79.01144,4137,MIERCOLES
758,3/7/2014,JULIO,2014,15:07,EXCESO DE VELOCIDAD,CHOQUE LATERAL,1,0,S/D,URBANO,YANUNCAY,S/D,AUTOMOVIL,MOTOCICLETA,S/D,BARRIAL BLANCO Y CARRETAS,S/G,-2.913102,-79.036778,4386,JUEVES
849,27/7/2014,JULIO,2014,2:55,EXCESO DE VELOCIDAD,ATROPELLO,1,0,NORTE,URBANO,EL VECINO,S/D,,S/D,S/D,PANAMERICANA SUR KM9,S/G,-2.888917,-78.991825,4746,DOMINGO
953,31/8/2014,AGOSTO,2014,14:45,IMPRUDENCIA DEL PEATON,ARROLLAMIENTO,1,0,S/D,URBANO,YANUNCAY,S/D,OMNIBUS,S/D,S/D,GONZALES SUAREZ Y GABRIELA MISTRAL ,S/G,-2.931984,-79.043803,5145,DOMINGO
956,2/9/2014,SEPTIEMBRE,2014,7:58,CASOS FORTUITOS,ESTRELLAMIENTO,1,1,NORTE,URBANO,BELLAVISTA,S/D,AUTOMOVIL,S/D,S/D,PANAMERICANA SUR Y VIA A NARANCAY,S/G,-2.911231,-79.039389,5153,MARTES
1020,19/9/2014,SEPTIEMBRE,2014,22:39,CONDUCE BAJO LA INFLUENCIA DE ALCOHOL,ATROPELLO,1,0,SUR,RURAL,HUAYNA CAPAC,S/D,AUTOMOVIL,S/D,S/D,ORDO—EZ LASSO -FERRE EL JURI ,S/G,-2.901463,-78.994490,5368,VIERNES
1057,3/10/2014,OCTUBRE,2014,18:05,NO RESPETA LAS SE√ëALES DE TR√ÅNSITO,CHOQUE LATERAL,1,0,SUR,URBANO,HUAYNA CAPAC,S/D,AUTOMOVIL,OMNIBUS,S/D,12 DE ABRIL Y ARIRUMBA,S/G,-2.897771,-79.0135693,5541,VIERNES
1062,4/10/2014,OCTUBRE,2014,17:00,DA—OS MEC¡NICOS,PERDIDA DE PISTA ,1,0,NORTE,RURAL,CHECA,S/D,AUTOMOVIL,S/D,S/D,VIA A SANTA ROSA ,S/G,-2.826648,-78.981472,5563,SABADO
1065,4/10/2014,OCTUBRE,2014,12:25,DA—OS MEC¡NICOS,ESTRELLAMIENTO,1,0,NORTE,URBANO,MACHANGARA,S/D,AUTOMOVIL,S/D,S/D,AV. AMERICAS Y PANAMERICANA SUR,S/G,-2.922798,-79.038839,5582,SABADO
1175,9/11/2014,NOVIEMBRE,2014,13:50,EXCESO DE VELOCIDAD,ATROPELLO,1,0,S/D,RURAL,TARQUI,S/D,AUTOMOVIL,S/D,S/D,PANAMERICANA NORTE Y VIA A CHUALLAYACU,S/G,-2.969223,-79.022476,5942,DOMINGO
1257,4/12/2014,DICIEMBRE,2014,13:20,NO CEDER EL DERECHO DE VÕA O PREFERENCIA DE PASO AL PEAT”N ,ATROPELLO,1,0,SUR,RURAL,EL BATAN ,S/D,,S/D,S/D,01 DE SEPTIEMBRE Y  S/N,S/G,-2.898727,-79.011435,6327,JUEVES
1270,8/12/2014,DICIEMBRE,2014,11:20,NO CEDER EL DERECHO DE VÕA O PREFERENCIA DE PASO AL PEAT”N ,ATROPELLO,1,0,NORTE,URBANO,BELLAVISTA,S/D,,S/D,S/D,AV. AMERICAS ENTRE CORONEL TALBOT Y MIGUEL VELEZ,S/G,-2.887720,-79.010030,6377,LUNES
1351,4/1/2015,ENERO,2015,19:08,NO CEDER EL DERECHO DE VÕA O PREFERENCIA DE PASO AL PEAT”N ,ATROPELLO,1,0,S/D,RURAL,TOTORACOCHA,S/D,,S/D,S/D,HEROES DEL CENEPA Y VIA A MAYANCELA ,D,-2.687502,-78.979173,6727,DOMINGO
1354,5/1/2015,ENERO,2015,15:08,IMPRUDENCIA DEL PEATON,ATROPELLO,1,0,S/D,URBANO,YANUNCAY,S/D,,S/D,S/D,BOLIVAR Y VARGAS MACHUCA ,D,-2.915785,-79.009793,6734,LUNES
1371,11/1/2015,ENERO,2015,7:21,CONDUCE BAJO LA INFLUENCIA DE ALCOHOL,CHOQUE LATERAL,1,0,SUR,URBANO,MONAY,S/D,,S/D,S/D,JOSE ORTEGA Y PEDRO LOPEZ,D,,,6827,DOMINGO
1383,15/1/2015,ENERO,2015,16:00,CONDUCIR EN ESTADO DE SOMNOLENCIA,ARROLLAMIENTO,1,0,S/D,RURAL,YANUNCAY,S/D,,S/D,S/D,A 500 MTS PANAMERICANA NORTE CONTRUCCION TERMINAL CUENCA FRENDTE POLIDUCTO PASCUALES CUENCA ,B,-2.914686,-79.027488,6873,JUEVES
1385,16/1/2015,ENERO,2015,14:59,NO RESPETA LAS SE√ëALES DE TR√ÅNSITO,CHOQUE LATERAL,1,0,SUR,URBANO,QUINGEO,S/D,,S/D,S/D,UNIDAD NACIONAL Y EL BATAN,A,-3.046908,-78.909008,6882,VIERNES
1403,21/1/2015,ENERO,2015,20:30,EXCESO DE VELOCIDAD,PERDIDA DE PISTA ,1,0,NORTE,URBANO,BELLAVISTA,S/D,,S/D,S/D,AV. AM…RICAS E INDEPENDENCIA,D,-2.889056,-79.018972,6961,MIERCOLES
1434,8/2/2015,FEBRERO,2015,0:08,NO CEDER EL DERECHO DE VÕA O PREFERENCIA DE PASO AL PEAT”N ,ATROPELLO,1,0,S/D,RURAL,YANUNCAY,S/D,,S/D,S/D,PANAMERICANA NORTE Y VÕA A PACCHA,C,-2.930922,-78.966000,7211,DOMINGO
1441,12/2/2015,FEBRERO,2015,19:36,EXCESO DE VELOCIDAD,CHOQUE FRONTAL,1,1,NORTE,RURAL,NULTI,S/D,,S/D,S/D,DEL BOMBERO, ENTRADA A CHAULLABAMBA ,C,-2.850695,-78.910632,7274,JUEVES
1468,24/2/2015,FEBRERO,2015,16:45,NO CEDER EL DERECHO DE VÕA O PREFERENCIA DE PASO AL PEAT”N ,ATROPELLO,1,1,NORTE,URBANO,GIL RAMIREZ DAVALOS ,S/D,,S/D,S/D,TARQUI Y PRESIDENTE CORDOVA,D,-2.898015,-78.981411,7431,MARTES
1565,18/4/2015,ABRIL,2015,4:23,EXCESO DE VELOCIDAD,ESTRELLAMIENTO,1,0,NORTE,URBANO,MACHANGARA,S/D,,S/D,S/D,VIA AL SALADO ,A,-2.837593,-79.008125,8187,SABADO
1583,22/4/2015,ABRIL,2015,14:57,IMPRUDENCIA DEL PEATON,ATROPELLO,1,0,SUR,URBANO,EL BATAN ,S/D,,S/D,S/D,12 DE ABRIL Y FLORENCIA ASTUDILLO,A,-2.889270,-79.022368,8273,MIERCOLES
1598,30/4/2015,ABRIL,2015,6:03,NO RESPETA LAS SE√ëALES DE TR√ÅNSITO,CHOQUE LATERAL,1,0,S/D,URBANO,TOTORACOCHA,S/D,,S/D,S/D,HURTADO DE MENDOZA E INCA TOPARPA,D,-2.885735,-78.976803,8438,JUEVES
1613,4/5/2015,MAYO,2015,17:46,IMPRUDENCIA DEL PEATON,ARROLLAMIENTO,1,0,S/D,URBANO,YANUNCAY,S/D,,S/D,S/D,DON BOSCO Y FERNANDO DE ARAGON ,B,-2.915509,-79.018405,8522,LUNES
1647,17/5/2015,MAYO,2015,8:50,EXCESO DE VELOCIDAD,PERDIDA DE PISTA ,1,3,S/D,URBANO,YANUNCAY,S/D,,S/D,S/D,AUTOPISTA CUENCA-AZOGUES Y FELIPE II,D,-2.919489,-79.015868,8752,DOMINGO
1662,24/5/2015,MAYO,2015,12:00,EXCESO DE VELOCIDAD,CHOQUE FRONTAL,1,0,NORTE,RURAL,NULTI,S/D,,S/D,S/D,VIA A JADAN -SECTOR MINAS ,B,-2.889822,-78.928593,8849,DOMINGO
1674,30/5/2015,MAYO,2015,20:47,IMPRUDENCIA DEL PEATON,ATROPELLO,1,0,S/D,URBANO,YANUNCAY,S/D,,S/D,S/D,ISABEL LA CATOLICA ENTRE JOSE ZORRILLA Y FRANCISCO DE QUEVEDO ,D,-2.910656,-79.018550,8933,SABADO
1676,31/5/2015,MAYO,2015,11:30,NO CEDER EL DERECHO DE VÕA O PREFERENCIA DE PASO AL PEAT”N ,ATROPELLO,1,0,SUR,RURAL,EL VALLE,S/D,,S/D,S/D,VIA AL VALLE -EL DESPACHO,A,-2.926306,-78.961361,8948,DOMINGO
1700,14/6/2015,JUNIO,2015,9:58,EXCESO DE VELOCIDAD,PERDIDA DE PISTA ,1,0,NORTE,RURAL,SAN JOAQUIN,S/D,,S/D,S/D,SOLDADOS JOSEFINA, SOLDADOS ,A,-2.91541,-79.132398,9156,DOMINGO
1706,17/6/2015,JUNIO,2015,7:54,IMPRUDENCIA DEL PEATON,ATROPELLO,1,0,NORTE,URBANO,EL VECINO,S/D,,S/D,S/D,AV. AM…RICAS Y ARMENILLAS,D,-2.886058,-78.995437,9193,MIERCOLES
1709,19/6/2015,JUNIO,2015,12:40,DA—OS MEC¡NICOS,ARROLLAMIENTO,1,0,NORTE,RURAL,PACCHA,S/D,,S/D,S/D,VÕA A PACCHA,D,-2.888388,-78.941195,9225,VIERNES
1735,27/6/2015,JUNIO,2015,15:30,CONDUCE BAJO LA INFLUENCIA DE ALCOHOL,ATROPELLO,1,0,S/D,URBANO,YANUNCAY,S/D,,S/D,S/D,LOJA Y CANTON GUALACEO,A,-2.905841,-79.027402,9374,SABADO
1737,28/6/2015,JUNIO,2015,6:15,CONDUCE BAJO LA INFLUENCIA DE ALCOHOL,ESTRELLAMIENTO,1,0,NORTE,RURAL,HERMANO MIGUEL,S/D,,S/D,S/D,OCTAVIO CHACON Y  PRIMERA,B,-2.879767,-78.976204,9397,DOMINGO
1738,28/6/2015,JUNIO,2015,6:05,IMPRUDENCIA DEL PEATON,ATÕPICO,1,0,SUR,URBANO,HUAYNA CAPAC,S/D,,S/D,S/D,EL PARAISO Y 12 DE ABRIL,B,-2.898933,-79.010611,9398,DOMINGO
1741,29/6/2015,JUNIO,2015,21:06,NO CEDER EL DERECHO DE VÕA O PREFERENCIA DE PASO AL PEAT”N ,ARROLLAMIENTO,1,0,NORTE,RURAL,OCTAVIO CORDERO,S/D,,S/D,S/D,COMUNA ILLAPAMBA, A 4 KM DE LA ENTRADA AL UPC DE PARCOLOMA,D,,,9404,LUNES
1839,13/8/2015,AGOSTO,2015,16:10,EXCESO DE VELOCIDAD,PERDIDA DE PISTA ,1,0,S/D,RURAL,SANTA ANA,S/D,,S/D,S/D,VÕA A SANTA ANA,A,-2.936547,-78.920060,10135,JUEVES
1847,18/8/2015,AGOSTO,2015,10:00,REALIZAR CAMBIO BRUSCO O INDEBIDO DE CARRIL,VOLCAMIENTO,1,0,NORTE,URBANO,EL SAGRARIO,S/D,,S/D,S/D,VEGA MU—OZ ENTRE BORRERO Y LUIS CORDERO,A,-2.893285,-79.002199,10219,MARTES
1848,18/8/2015,AGOSTO,2015,17:14,NO CEDER EL DERECHO DE VÕA O PREFERENCIA DE PASO A VEH√çCULOS ,CHOQUE FRONTAL,1,0,S/D,URBANO,TOTORACOCHA,S/D,,S/D,S/D,HUAYNA CAPAC Y PASEO HUAGRA HUMA,D,-2.897802,-78.989934,10222,MARTES
1861,25/8/2015,AGOSTO,2015,18:20,NO CEDER EL DERECHO DE VÕA O PREFERENCIA DE PASO AL PEAT”N ,ATROPELLO,1,0,SUR,URBANO,EL BATAN ,S/D,,S/D,S/D,LOJA Y REMIGIO TAMARIZ ,B,-2.900882,-79.014785,10351,MARTES
1904,17/9/2015,SEPTIEMBRE,2015,8:00,EXCESO DE VELOCIDAD,PERDIDA DE PISTA ,1,0,NORTE,RURAL,OCTAVIO CORDERO,S/D,,S/D,S/D,VIA A OCTAVIO CORDERO -LA RAYA,A,-2.784378,-78.957524,10768,JUEVES
1953,9/10/2015,OCTUBRE,2015,18:00,CASOS FORTUITOS,ATÕPICO,1,0,S/D,RURAL,SININCAY,S/D,,S/D,S/D,VIA LA PLAYA DEL CARMEN DE SININCAY,C,-2.899989,-79.032607,11140,VIERNES
2091,5/12/2015,DICIEMBRE,2015,17:41,CONDUCE BAJO LA INFLUENCIA DE ALCOHOL,PERDIDA DE PISTA ,1,1,SUR,URBANO,MONAY,S/D,,S/D,S/D,VIA A MONAY BAGUANCHI KM 4 1/2,A,-2.916347,-78.946591,12229,SABADO
2110,14/12/2015,DICIEMBRE,2015,17:44,IMPRUDENCIA DEL PEATON,ATROPELLO,1,0,SUR,RURAL,QUINGEO,S/D,,S/D,S/D,VIA A QUINGEO -BARRIO BUENOS AIRES ,B,-3.030700,-78.932181,12401,LUNES
2111,14/12/2015,DICIEMBRE,2015,16:20,NO GUARDAR LA DISTANCIA LATERAL ENTRE VEH√çCULOS,CHOQUE POR ALCANCE,1,0,SUR,URBANO,EL BATAN ,S/D,,S/D,S/D,REMIGIO CRESPO Y EDWIN SACOTO,B,-2.897383,-79.023816,12400,LUNES
2143,25/12/2015,DICIEMBRE,2015,19:27,IMPRUDENCIA DEL PEATON,ATROPELLO,1,0,NORTE,URBANO,EL VECINO,S/D,,S/D,S/D,AV. AMERICAS Y BOCINA,D,-2.885975,-78.994515,12636,VIERNES
2154,31/12/2015,DICIEMBRE,2015,18:05,EXCESO DE VELOCIDAD,PERDIDA DE PISTA ,1,0,SUR,URBANO,MONAY,S/D,,S/D,S/D,PUMAPUNGO Y EDUARDO MARQUINA ,B,-2.904930,-78.981570,12770,JUEVES
2178,10/1/2016,ENERO,2016,10:32,CONDUCIR EN SENTIDO CONTRARIO A LA VÕA,CHOQUE LATERAL,1,0,NORTE,RURAL,CHECA,S/D,,S/D,S/D,VIA A CHECA,A,-2.813268,-79.002516,#N/D,DOMINGO
2233,5/2/2016,FEBRERO,2016,6:57,EXCESO DE VELOCIDAD,CHOQUE LATERAL,1,0,SUR,URBANO,HUAYNA CAPAC,S/D,,S/D,S/D,27 DE FEBRERO Y FRANCISCO MOSCOSO,B,-2.915923,-79.001109,13570,VIERNES
2251,10/2/2016,FEBRERO,2016,3:46,NO RESPETA LAS SE√ëALES DE TR√ÅNSITO,CHOQUE LATERAL,1,1,NORTE,URBANO,EL VECINO,S/D,,S/D,S/D,MARIANO CUEVA Y EUGENIO ESPEJO,C,,,#N/D,MIERCOLES
2284,27/2/2016,FEBRERO,2016,19:45,EXCESO DE VELOCIDAD,PERDIDA DE PISTA ,1,4,SUR,RURAL,EL VALLE,S/D,,S/D,S/D,ADOLFO NICANOR ORTIZ VÕA A TUTUPALI GRANDE,D,-2.927476,-78.972297,14087,SABADO
2297,5/3/2016,MARZO,2016,1:00,NO RESPETA LAS SE√ëALES DE TR√ÅNSITO,ESTRELLAMIENTO,1,0,NORTE,URBANO,EL SAGRARIO,S/D,,S/D,S/D,ANTONIO RICAURTE Y PANAMERICANA NORTE,A,-2.902463,-79.002918,#N/D,SABADO
2307,8/3/2016,MARZO,2016,15:30,NO RESPETA LAS SE√ëALES DE TR√ÅNSITO,CHOQUE LATERAL,1,0,S/D,URBANO,YANUNCAY,S/D,,S/D,S/D,LOJA Y LUIS VELEZ ALVAREZ,A,-2.891033,-79.00686,14265,MARTES
2338,20/3/2016,MARZO,2016,20:57,NO CEDER EL DERECHO DE VÕA O PREFERENCIA DE PASO AL PEAT”N ,ARROLLAMIENTO,1,0,SUR,URBANO,HUAYNA CAPAC,S/D,,S/D,S/D,27 DE FEBRERO Y JACINTO FLORES,B,-2.912206,-78.986076,14507,DOMINGO
2375,8/4/2016,ABRIL,2016,18:25,NO CEDER EL DERECHO DE VÕA O PREFERENCIA DE PASO AL PEAT”N ,ARROLLAMIENTO,1,0,SUR,URBANO,EL VALLE,S/D,,S/D,S/D,CABECERA PARROQUIAL EL VALLE,A,-2.937920,-78.966512,14891,VIERNES
2455,18/5/2016,MAYO,2016,18:47,NO CEDER EL DERECHO DE VÕA O PREFERENCIA DE PASO AL PEAT”N ,ARROLLAMIENTO,1,0,S/D,URBANO,YANUNCAY,S/D,,S/D,S/D,COLONIA Y VAZCO NU—EZ DE BALBOA,C,-2.918091,-79.025694,15675,MIERCOLES
2460,20/5/2016,MAYO,2016,18:00,EXCESO DE VELOCIDAD,ARROLLAMIENTO,1,0,NORTE,URBANO,EL VECINO,S/D,,S/D,S/D,AV. AM…RICAS Y BARRIAL BLANCO,C,-2.904403,-79.010934,15711,VIERNES
2476,28/5/2016,MAYO,2016,9:50,REALIZAR CAMBIO BRUSCO O INDEBIDO DE CARRIL,CHOQUE LATERAL,1,0,NORTE,URBANO,SAN BLAS,S/D,,S/D,S/D,JOSE JOAQUIN DE OLMEDO Y HURTADO DE MENDOZA,B,-2.92223,-78.99755,15812,SABADO
2503,10/6/2016,JUNIO,2016,17:54,NO CEDER EL DERECHO DE VÕA O PREFERENCIA DE PASO AL PEAT”N ,ATROPELLO,1,0,S/D,URBANO,YANUNCAY,S/D,,S/D,S/D,12 DE OCTUBRE E ISABEL LA CATOLICA,B,-2.909590,-79.019098,16063,VIERNES
2525,17/6/2016,JUNIO,2016,14:04,NO CEDER EL DERECHO DE VÕA O PREFERENCIA DE PASO AL PEAT”N ,ARROLLAMIENTO,1,0,S/D,RURAL,SAYAUSÕ,S/D,,S/D,S/D,GA√ëAL Y SAN MIGUEL DE PUTUSHI,D,,,#N/D,VIERNES
2562,4/7/2016,JULIO,2016,8:35,NO CEDER EL DERECHO DE VÕA O PREFERENCIA DE PASO A VEH√çCULOS ,CHOQUE LATERAL,1,0,NORTE,URBANO,EL VECINO,S/D,,S/D,S/D,AV. AM…RICAS Y BARRIAL BLANCO,A,-2.884046,-78.990477,16419,LUNES
2670,6/9/2016,SEPTIEMBRE,2016,10:53,NO CEDER EL DERECHO DE VÕA O PREFERENCIA DE PASO A VEH√çCULOS ,CHOQUE LATERAL,1,2,NORTE,URBANO,CA—ARIBAMBA,S/D,,S/D,S/D,PASEO DE LOS CA—ARIS ENTRE JORGE CARRERA Y CACIQUE  CHAMBA,A,-2.903007,-78.988225,17469,MARTES
2700,20/9/2016,SEPTIEMBRE,2016,17:36,NO RESPETA LAS SE√ëALES DE TR√ÅNSITO,PERDIDA DE PISTA ,1,0,SUR,RURAL,CUMBE,S/D,,S/D,S/D,CUMBE ,D,-3.086492,-79.011128,17678,MARTES
2773,1/11/2016,NOVIEMBRE,2016,23:30,CASOS FORTUITOS,PERDIDA DE PISTA ,2,19,SUR,RURAL,MOLLETURO,S/D,,S/D,S/D,VIA A SANTA TERESITA AL AZUAY,A,,,#N/D,MARTES
2803,17/11/2016,NOVIEMBRE,2016,8:36,EMBRIAGUEZ DEL PEAT”N,ARROLLAMIENTO,1,0,NORTE,URBANO,EL VECINO,S/D,,S/D,S/D,HUAYNA CAPAC Y PIO BRAVO,C,-2.893419,-78.996428,18494,JUEVES
2855,5/12/2016,DICIEMBRE,2016,0:56,MAL ESTADO DE LA VÕA ,PERDIDA DE PISTA ,1,2,NORTE,RURAL,HERMANO MIGUEL,S/D,,S/D,S/D,VIA A TUNALOMA,D,-2.866226,-78.983470,18801,LUNES
2863,13/12/2016,DICIEMBRE,2016,7:09,IMPRUDENCIA DEL PEATON,ARROLLAMIENTO,1,0,S/D,RURAL,SAYAUSÕ,S/D,,S/D,S/D,VIA A GUALALCAY - QUILLOPUNGO,D,-2.885255,-79.043132,18918,MARTES
2966,29/1/2017,ENERO,2017,7:37,CONDUCIR EN SENTIDO CONTRARIO A LA VÕA,VOLCAMIENTO,1,0,SUR,RURAL,EL VALLE,S/D,,S/D,S/D,VIA A EL VALLE - CHILCAPAMBA,D,-2.927466,-78.972297,19576,DOMINGO
2986,9/2/2017,FEBRERO,2017,20:45,NO CEDER EL DERECHO DE VÕA O PREFERENCIA DE PASO A VEH√çCULOS ,CHOQUE LATERAL,1,0,NORTE,URBANO,MACHANGARA,S/D,,BICICLETA,S/D,PANAMERICANA NORTE Y BATALLON GRANADEROS,A,-2.897954,-78.96086,19700,JUEVES
2995,12/2/2017,FEBRERO,2017,9:02,MAL ESTADO DE LA VÕA ,PERDIDA DE PISTA ,1,0,S/D,RURAL,SAYAUSÕ,S/D,,S/D,S/D,VIA A BELLAVISTA SECTOR MINAS,A,-2.869822,-79.073112,19749,DOMINGO
2996,12/2/2017,FEBRERO,2017,11:27,NO CEDER EL DERECHO DE VÕA O PREFERENCIA DE PASO A VEH√çCULOS ,CHOQUE LATERAL,1,0,S/D,URBANO,TOTORACOCHA,S/D,,BICICLETA,S/D,GIL RAMIREZ DAVALOS Y LADERAS,A,-2.885033,-78.983609,19748,DOMINGO
3009,17/2/2017,FEBRERO,2017,1:35,PRESENCIA DE AGENTES EXTERNOS EN LA VÕA,ESTRELLAMIENTO,1,0,NORTE,URBANO,CHECA,S/D,,S/D,S/D,ALTOS DE MACHANGARA - OCHOA LE”N,B,-2.83337,-78.984818,19800,VIERNES
3017,21/2/2017,FEBRERO,2017,23:26,IMPRUDENCIA DEL PEATON,ATROPELLO,1,0,SUR,URBANO,EL BATAN ,S/D,,S/D,S/D,AV. AMERICAS Y AGUST√çN CUESTA,A,-2.900644,-79.027988,19835,MARTES
3023,23/2/2017,FEBRERO,2017,10:08,MAL ESTADO DE LA VÕA ,ARROLLAMIENTO,1,0,SUR,RURAL,CUMBE,S/D,,S/D,S/D,VIA A ANGALOMA SECTOR EL CISNE,B,-3.088478,-79.013432,19858,JUEVES
3034,26/2/2017,FEBRERO,2017,8:32,NO CEDER EL DERECHO DE VÕA O PREFERENCIA DE PASO AL PEAT”N ,ATROPELLO,1,0,NORTE,URBANO,EL SAGRARIO,S/D,,S/D,S/D,VEGA MU—OZ Y HERMANO MIGUEL,A,-2.893515,-79.0001185,19897,DOMINGO
3066,17/3/2017,MARZO,2017,15:57,DEJAR O RECOGER PASAJEROS EN LUGARES NO PERMITIDOS,CAÕDA DE PASAJERO,1,0,NORTE,URBANO,EL VECINO,S/D,,S/D,S/D,GIL RAMIREZ DAVALOS Y HEROES DE VERDELOMA,D,-2.891899,-78.995514,20123,VIERNES
3077,22/3/2017,MARZO,2017,8:04,CASOS FORTUITOS,PERDIDA DE PISTA ,1,0,NORTE,RURAL,CHECA,S/D,,S/D,S/D,VIA A SAYMIRIN ,C,-2.803709,-79.009082,20175,MIERCOLES
3114,8/4/2017,ABRIL,2017,8:53,PRESENCIA DE AGENTES EXTERNOS EN LA VÕA,ATÕPICO,2,0,NORTE,URBANO,MACHANGARA,S/D,CAMIONETA,S/D,S/D,PANAMERICANA NORTE KM 12,C,-2.877366,-78.944336,#N/D,SABADO
3133,13/4/2017,ABRIL,2017,21:05,EXCESO DE VELOCIDAD,ATROPELLO,1,0,SUR,URBANO,HUAYNA CAPAC,S/D,,S/D,S/D,10 DE AGOSTO Y FRANCISCO MOSCOSO,A,-2.912975,-79.001189,20470,JUEVES
3154,22/4/2017,ABRIL,2017,5:17,EL CONDUCTOR QUE SE ESTACIONE EN SITIOS QUE ENTRA√ëEN PELIGRO,ESTRELLAMIENTO,1,0,SUR,URBANO,EL BATAN ,S/D,MOTOCICLETA,CAMI”N,S/D,GENERAL ESCANDON Y NICANOR COBOS,B,-2.895447,-79.028712,#N/D,SABADO
3189,7/5/2017,MAYO,2017,12:57,NO GUARDAR LA DISTANCIA LATERAL ENTRE VEH√çCULOS,ARROLLAMIENTO,1,0,SUR,URBANO,HUAYNA CAPAC,S/D,OMNIBUS,BICICLETA,S/D,12 DE ABRIL Y 27 DE FEBRERO,D,-2.9157324,-79.0096145,20824,DOMINGO
3196,10/5/2017,MAYO,2017,18:14,NO RESPETA LAS SE√ëALES DE TR√ÅNSITO,CHOQUE LATERAL,1,0,NORTE,URBANO,EL VECINO,S/D,OMNIBUS,BICICLETA,S/D,GIL RAMIREZ DAVALOS Y CHAPETONES,B,-2.890334,-78.990254,20853,MIERCOLES
3208,16/5/2017,MAYO,2017,18:30,IMPRUDENCIA DEL PEATON,ATROPELLO,1,0,S/D,URBANO,SAYAUSÕ,S/D,CAMIONETA,AUTOMOVIL,S/D,ORDO—EZ LASSO -ENTRADA A SAN MIGUEL DE PUTUSHI,A,-2.883495,-79.055522,20945,MARTES
3232,26/5/2017,MAYO,2017,13:45,DA—OS MEC¡NICOS,VOLCAMIENTO,2,0,SUR,RURAL,CHAUCHA ,S/D,CAMIONETA,S/D,S/D,VIA A SAN PEDRO DE ZHIN ALTO,C,-2.5875123,-79.410769,#N/D,VIERNES
3237,27/5/2017,MAYO,2017,23:21,NO RESPETA LAS SE√ëALES DE TR√ÅNSITO,PERDIDA DE PISTA ,1,4,SUR,URBANO,HUAYNA CAPAC,S/D,JEEP,S/D,S/D,24 DE MAYO Y HERN√ÅN MALO,A,-2.917886,-79.001295,21171,SABADO
3264,6/6/2017,JUNIO,2017,12:34,NO CEDER EL DERECHO DE VÕA O PREFERENCIA DE PASO AL PEAT”N ,ATROPELLO,1,0,S/D,URBANO,YANUNCAY,S/D,VOLQUETA,S/D,S/D,RICARDO DURAN Y PANAMERICANA SUR,D,-2.922798,-79.038839,21333,MARTES
3315,24/6/2017,JUNIO,2017,18:10,NO CEDER EL DERECHO DE VÕA O PREFERENCIA DE PASO AL PEAT”N ,ATROPELLO,1,0,S/D,URBANO,YANUNCAY,S/D,,S/D,S/D,RICARDO DURAN ENTRE JUAN DE DIOS MORALES Y PEDRO VICENTE MALDONADO,C,-2.92327,-79.040727,21690,SABADO
3361,13/7/2017,JULIO,2017,15:40,IMPRUDENCIA DEL PEATON,ARROLLAMIENTO,1,0,S/D,URBANO,YANUNCAY,S/D,,S/D,S/D,AV. AM…RICAS Y PASEO MILCHICHIG,B,-2.90959,-79.019098,21983,JUEVES
3369,15/7/2017,JULIO,2017,3:44,EXCESO DE VELOCIDAD,ATROPELLO,1,0,SUR,RURAL,BA—OS,S/D,,S/D,S/D,VIA A HUIZHIL,A,-2.905274,-79.049308,22022,SABADO
3370,16/7/2017,JULIO,2017,17:30,NO CEDER EL DERECHO DE VÕA O PREFERENCIA DE PASO AL PEAT”N ,ATROPELLO,1,0,S/D,RURAL,SANTA ANA,S/D,,S/D,S/D,VIA A SANTA ANA -TEPAL,A,-2.936547,-78.92006,22055,DOMINGO
3425,11/8/2017,AGOSTO,2017,18:51,MAL ESTADO DE LA VÕA ,PERDIDA DE PISTA ,2,2,S/D,RURAL,SININCAY,S/D,,S/D,S/D,VIA AL BARRIO NUEVO HORIZONTE ,C,-2.85897,-79.005303,22488,VIERNES
3521,27/9/2017,SEPTIEMBRE,2017,8:58,CONDUCE BAJO LA INFLUENCIA DE ALCOHOL,PERDIDA DE PISTA ,1,1,NORTE,URBANO,MACHANGARA,S/D,,S/D,S/D,AV. AMERICAS Y 24 DE MAYO,D,-2.893,-78.961055,23313,MIERCOLES
3533,30/9/2017,SEPTIEMBRE,2017,17:02,DA—OS MEC¡NICOS,CAÕDA DE PASAJERO,1,0,SUR,URBANO,EL BATAN ,S/D,,S/D,S/D,ESPA—A Y HURTADO DE MENDOZA,B,-2,883239,-78,977321,23401,SABADO
3540,3/10/2017,OCTUBRE,2017,19:12,IMPRUDENCIA DEL PEATON,ATROPELLO,1,0,S/D,RURAL,CHIQUINTAD,S/D,,S/D,S/D,VIA A CHIQUINTAD SECTOR SAN ANDRES,B,-2813268,-79002516,23454,MARTES
3563,13/10/2017,OCTUBRE,2017,19:00,IMPRUDENCIA DEL PEATON,ATROPELLO,1,0,SUR,URBANO,EL BATAN ,S/D,,S/D,S/D,EDWIN SACOTO Y VERDAD,C,-2.897126,-79.023694,#N/D,VIERNES
3569,14/10/2017,OCTUBRE,2017,18:59,NO MANTENER LA DISTANCIA CON EL VEH√çCULO QUE LE ANTECEDE,ESTRELLAMIENTO,2,0,S/D,URBANO,SAN SEBASTIAN,S/D,,S/D,S/D,ORDO—EZ LASSO Y HORNOS,C,-2.884291,-79.053255,#N/D,SABADO
3595,23/10/2017,OCTUBRE,2017,8:24,CONDUCIR EN ESTADO DE SOMNOLENCIA,ESTRELLAMIENTO,1,0,S/D,URBANO,YANUNCAY,S/D,,S/D,S/D,10 DE AGOSTO Y LOJA,B,-2.90469,-79.025003,23866,LUNES
3616,29/10/2017,OCTUBRE,2017,11:40,NO RESPETA LAS SE√ëALES DE TR√ÅNSITO,PERDIDA DE PISTA ,1,0,NORTE,RURAL,SAN JOAQUIN,S/D,,S/D,S/D,VIA A BARABON -SOLDADOS,D,-2.922222,-79.091389,23982,DOMINGO
3667,13/11/2017,NOVIEMBRE,2017,14:15,NO RESPETA LAS SE√ëALES DE TR√ÅNSITO,ESTRELLAMIENTO,1,0,S/D,RURAL,TURI,S/D,,S/D,S/D,VIA A SAN PEDRO DE AGUA SANTA,C,-2.93475,-79.005573,24249,LUNES
3674,15/11/2017,NOVIEMBRE,2017,15:46,NO RESPETA LAS SE√ëALES DE TR√ÅNSITO,ATROPELLO,1,0,S/D,URBANO,SAN SEBASTIAN,S/D,,S/D,S/D,BOLIVAR Y BARTOLOME SERRANO,C,-2.894553,-73.016673,24285,MIERCOLES
3856,25/1/2018,ENERO,2018,5:58,CONDUCIR DESATENTO A LAS CONDICIONES DE TR√ÅNSITO,ESTRELLAMIENTO,1,3,NORTE,URBANA,MACHANGARA,MACHANGARA,AUTOMOVIL,S/D,S/D,PANAMERICANA NORTE -ENTRADA A PETROECUADOR,D,-2.842569,-78.895111,25686,JUEVES
3860,26/1/2018,ENERO,2018,20:09,PRESENCIA DE AGENTES EXTERNOS EN LA VÕA,ESTRELLAMIENTO,1,0,SUR,URBANA,HUAYNA CAPAC,HUAYNA CAPAC,CAMIONETA,S/D,S/D,LUIS MORENO MORA Y MIGUEL MORENO,A,-2.910070,-79.005950,25724,VIERNES
3906,11/2/2018,FEBRERO,2018,9:52,CONDUCIR DESATENTO A LAS CONDICIONES DE TR√ÅNSITO,ATROPELLO,1,0,SUR,URBANA,SUCRE,SUCRE,,S/D,S/D,10 DE AGOSTO Y SOLANO,B,-2.910946,-79.008927,26044,DOMINGO
3907,11/2/2018,FEBRERO,2018,11:02,EXCESO DE VELOCIDAD,ESTRELLAMIENTO,1,0,SUR,URBANA,YANUNCAY,YANUNCAY,,S/D,S/D,AV. AM…RICAS,B,-2.9230645,-79.0389215,26045,DOMINGO
3913,14/2/2018,FEBRERO,2018,9:39,CASOS FORTUITOS,ARROLLAMIENTO,1,0,SUR,URBANA,YANUNCAY,NARANCAY,,S/D,S/D,AV. AM…RICAS Y DON BOSCO,A,-2.911554   ,-79.035957,26096,MIERCOLES
3933,24/2/2018,FEBRERO,2018,18:42,EXCESO DE VELOCIDAD,PERDIDA DE PISTA ,1,3,SUR,RURAL,CHAUCHA ,CHAUCHA,,S/D,S/D,VIA A CHAUCHA SECTOR VENTANAS,B,-2.950932,-79.234459,26251,SABADO
3948,4/3/2018,MARZO,2018,5:30,CONDUCE BAJO LA INFLUENCIA DE ALCOHOL,PERDIDA DE PISTA ,1,0,SUR,URBANA,SAN SEBASTIAN,CAYAMBE,,S/D,S/D,AV. AM…RICAS Y GRAN COLOMBIA,C,-2.891385,-79.024661,,DOMINGO
4076,18/4/2018,ABRIL,2018,9:49,EXCESO DE VELOCIDAD,CHOQUE FRONTAL,1,2,SUR,RURAL,EL VALLE,EL VALLE,,S/D,S/D,VÕA A EL VALLE - SANTA ANA,A,-2.936547   ,-78.920060,27005,MIERCOLES
4098,1/5/2018,MAYO,2018,14:50,IMPRUDENCIA DEL PEATON,ATROPELLO,1,0,SUR,URBANA,SAN SEBASTIAN,CAYAMBE,,S/D,S/D,ORDO—EZ LASSO Y CLAVELES,A,-2.889148,-79.033212,27190,MARTES
4166,25/5/2018,MAYO,2018,19:52,EXCESO DE VELOCIDAD,ATROPELLO,1,1,SUR,URBANA,HUAYNA CAPAC,HUAYNA CAPAC,,S/D,S/D,12 DE ABRIL Y ARIRUMBA,C,-2.909127,-78.997528,27575,VIERNES
4176,28/5/2018,MAYO,2018,15:40,NO RESPETA LAS SE√ëALES DE TR√ÅNSITO,CHOQUE LATERAL,1,0,NORTE,URBANA,TOTORACOCHA,TOTORACOCHA,,S/D,S/D,ALLCUQUIRO Y LA CORDILLERA,B,-2.894569,-78.9823,27643,LUNES
4224,13/6/2018,JUNIO,2018,16:30,EXCESO DE VELOCIDAD,ATROPELLO,1,0,NORTE,URBANA,BELLAVISTA,VERDE LOMA,,S/D,S/D,AV. AMERICAS Y ANTONIO FARFAN ,B,-2.885764,-78.998281,27888,MIERCOLES
4254,20/6/2018,JUNIO,2018,19:41,EMBRIAGUEZ DEL PEAT”N,ATROPELLO,1,0,NORTE,URBANA,BELLAVISTA,BELLAVISTA,,S/D,S/D,ABERLARDO J ANDRADE Y  SN,A,-2.858278,-79.038701,27977,MIERCOLES
4294,5/7/2018,JULIO,2018,6:06,EXCESO DE VELOCIDAD,PERDIDA DE PISTA ,1,0,SUR,RURAL,EL VALLE,EL VALLE,,S/D,S/D,VIA SAN ISIDRO - EL VALLE,B,-2.937999,-78.987408,28183,JUEVES
4352,28/7/2018,JULIO,2018,10:44,NO CEDER EL DERECHO DE VÕA O PREFERENCIA DE PASO AL PEAT”N ,ATROPELLO,1,1,SUR,URBANA,SUCRE,SUCRE,MOTOCICLETA,S/D,S/D,GASPAR SANGURIMA Y LUIS CORDERO ,D,-2.894019,-79.003346,28598,SABADO
4356,30/7/2018,JULIO,2018,12:17,EXCESO DE VELOCIDAD,ATROPELLO,1,0,SUR,RURAL,EL VALLE,EL VALLE,N/i,S/D,S/D,CARMEN DE BAGUANCHI -EL VALLE,D,-2.920908,-78.954097,28561,LUNES
4369,4/8/2018,AGOSTO,2018,0:33,REALIZAR CAMBIO BRUSCO O INDEBIDO DE CARRIL,PERDIDA DE PISTA ,1,1,NORTE,URBANA,HERMANO MIGUEL,HERMANO MIGUEL,,S/D,S/D,VÕA A OCHOA LEON ,D,-2.858364,-78.985044,S/G,SABADO
4409,19/8/2018,AGOSTO,2018,20:43,EXCESO DE VELOCIDAD,CHOQUE FRONTAL,1,1,SUR,RURAL,SANTA ANA,SANTA ANA,,S/D,S/D,VIA A SANTA ANA -QUINGEO,A,-2,968295,-78,900686,S/G,DOMINGO
4423,25/8/2018,AGOSTO,2018,19:33,REALIZAR CAMBIO BRUSCO O INDEBIDO DE CARRIL,PERDIDA DE PISTA ,1,1,SUR,RURAL,TURI,TURI,,S/D,S/D,VIA A TARQUI ‚Äì TURI ENTRADA A LA ASCENCI√ìN,D,-2.942743,-79.003498,S/G,SABADO
4433,1/9/2018,SEPTIEMBRE,2018,3:01,EXCESO DE VELOCIDAD,ATROPELLO,1,0,NORTE,URBANA,SAN SEBASTIAN,CAYAMBE,,S/D,S/D,AV. AM…RICAS Y DANIEL ALVARADO,A,-2.888753,-79,016332,28996,SABADO
4440,3/9/2018,SEPTIEMBRE,2018,14:39,IMPRUDENCIA DEL PEATON,ATROPELLO,1,0,NORTE,URBANA,BELLAVISTA,VERDE LOMA,,S/D,S/D,AV. AMERICAS Y GUILLERMO MEDINA,B,-2.888902,"-79.019038	",28996,LUNES
4477,22/9/2018,SEPTIEMBRE,2018,9:38,CONDUCIR DESATENTO A LAS CONDICIONES DE TR√ÅNSITO,PERDIDA DE PISTA ,1,0,SUR,RURAL,QUINGEO,QUINGEO,,S/D,S/D,VIA QUINGEO - MACAS Y GUALLANZHAPA,B,-3.0356742568611845,-78.95392361372467,EMOV EP-GCT-2018-000056-JUD,SABADO
4534,8/10/2018,OCTUBRE,2018,20:28,CONDUCIR DESATENTO A LAS CONDICIONES DE TR√ÅNSITO,ESTRELLAMIENTO,1,0,NORTE,URBANA,EL SAGRARIO,EL SAGRARIO,,S/D,S/D,GASPAR SANGURIMA Y VARGAS MACHUCA,A,-2.8948657936912623,-78.99955293337825,EMOV EP-GCT-2018-000453-JUD,LUNES
4594,26/10/2018,OCTUBRE,2018,23:17,CONDUCIR DESATENTO A LAS CONDICIONES DE TR√ÅNSITO,PERDIDA DE PISTA ,1,0,SUR,RURAL,VICTORIA DEL PORTETE ,VICTORIA DEL PORTETE,,S/D,S/D,VIA PRINCIPAL DE LA PARROQUIA VICTORIA DEL PORTETE Y  SIN NOMBRE,D,-3.0639376662084317,-79.06640353944573,EMOV EP-GCT-2018-001090-JUD,VIERNES
4600,28/10/2018,OCTUBRE,2018,21:20,REALIZAR CAMBIO BRUSCO O INDEBIDO DE CARRIL,ARROLLAMIENTO,1,0,SUR,RURAL,BA—OS,BA—OS,,S/D,S/D,ALFONSO CARRION HEREDIA,D,-2.9264760377552506,-79.0681210942297,EMOV EP-GCT-2018-001186-JUD,DOMINGO
4630,11/11/2018,NOVIEMBRE,2018,14:37,CONDUCIR DESATENTO A LAS CONDICIONES DE TR√ÅNSITO,PERDIDA DE PISTA ,1,1,SUR,RURAL,TARQUI,TARQUI,,S/D,S/D,VIA A TUTUPALI CHICO Y VIA A TUTUPALI CHICO,A,-2.9725724210543967,-79.05885953984625,EMOV EP-GCT-2018-001614-JUD,DOMINGO
4657,21/11/2018,NOVIEMBRE,2018,10:14,NO RESPETA LAS SE√ëALES DE TR√ÅNSITO,CHOQUE LATERAL,1,2,SUR,URBANA,SUCRE,SUCRE,,S/D,S/D,ALFONSO MORENO MORA  Y EZEQUIEL MARQUEZ,C,-2.90647680725411,-79.01872801277779,EMOV EP-GCT-2018-001944-JUD,MIERCOLES
4682,29/11/2018,NOVIEMBRE,2018,19:23,IMPRUDENCIA DEL PEATON,CAÕDA DE PASAJERO,1,0,NORTE,RURAL,PACCHA,PACCHA Y NULTI,,S/D,S/D,VIA A JADAN Y  SIN NOMBRE,D,-2.846707759192440,-78.8808174425634,EMOV EP-GCT-2018-002182-JUD,JUEVES
4739,21/12/2018,DICIEMBRE,2018,3:09,EXCESO DE VELOCIDAD,PERDIDA DE PISTA ,1,0,SUR,URBANA,YANUNCAY,NARANCAY,,S/D,S/D,AV. LOJA Y AV. PRIMERO DE MAYO,B,-2.9072696709855275,-79.02653042636979,EMOV EP-GCT-2018-002921-JUD,VIERNES
4763,30/12/2018,DICIEMBRE,2018,18:12,CAUSAS DESCONOCIDAS,ATROPELLO,1,0,NORTE,RURAL,RICAURTE ,RICAURTE,,S/D,S/D,VIA RICAURTE - EL GUABO Y  DE TIERRA,D,-2.848885935765872,-78.96518438607472,EMOV EP-GCT-2018-003183-JUD,DOMINGO
4771,1/1/2019,ENERO,2019,21:11,CONDUCIR DESATENTO A LAS CONDICIONES DE TR√ÅNSITO,ESTRELLAMIENTO,1,1,NORTE,RURAL,SAYAUSÕ,SAYAUSÕ,,S/D,S/D, DEL CULANTRO ,D,-2.87213581,-79.06837425,EMOV EP-GCT-2019-000020-JUD,MARTES
4776,5/1/2019,ENERO,2019,13:08,CONDUCIR DESATENTO A LAS CONDICIONES DE TR√ÅNSITO,ESTRELLAMIENTO,1,0,NORTE,RURAL,CHECA,CHECA,,S/D,S/D,VIA A CHECA Y  FACTE,D,-2.80402994,-78.99228706,EMOV EP-GCT-2019-000141-JUD,SABADO
4793,10/1/2019,ENERO,2019,22:37,EMBRIAGUEZ DEL PEAT”N,ARROLLAMIENTO,1,0,SUR,URBANA,EL BATAN ,EL BATAN,,S/D,S/D, MANUELA GARAICOA DE CALDERON Y SECTOR LA FLORIDA,A,-2.89954379,-79.03981838,EMOV EP-GCT-2019-000314-JUD,JUEVES
4795,12/1/2019,ENERO,2019,3:00,CONDUCIR DESATENTO A LAS CONDICIONES DE TR√ÅNSITO,ROZAMIENTO,1,0,SUR,URBANA,EL BATAN ,EL BATAN,,S/D,S/D,AV. AMERICAS Y EL BATAN ,D,-2.89570604,-79.02510377,EMOV EP-GCT-2019-000366-JUD,SABADO
4818,27/1/2019,ENERO,2019,0:12,CONDUCIR DESATENTO A LAS CONDICIONES DE TR√ÅNSITO,ESTRELLAMIENTO,1,0,NORTE,URBANA,SAN BLAS,SAN BLAS,,S/D,S/D,GARC√çA MORENO Y PRESIDENTE  ROCAFUERTE,A,-2.89707483,-78.99373419,EMOV EP-GCT-2019-000876-JUD,DOMINGO
4831,31/1/2019,ENERO,2019,14:19,CONDUCIR DESATENTO A LAS CONDICIONES DE TR√ÅNSITO,PERDIDA DE PISTA ,1,0,NORTE,URBANA,BELLAVISTA,BELLAVISTA,,S/D,S/D,ALEJANDRO VOLTAY GAY LUSSAC,D,-2.88066191,-79.00281967,EMOV EP-GCT-2019-001021-JUD,JUEVES
4875,17/2/2019,FEBRERO,2019,19:41,CONDUCE BAJO LA INFLUENCIA DE ALCOHOL,ARROLLAMIENTO,1,0,SUR,RURAL,EL VALLE,EL VALLE,,S/D,S/D,VIA A PAREDONES DEL VALLE ,D,-2.96120164,-78.93173129,EMOV EP-GCT-2019-001621-JUD,DOMINGO
4907,4/3/2019,MARZO,2019,15:02,DEJAR O RECOGER PASAJEROS EN LUGARES NO PERMITIDOS,CAÕDA DE PASAJERO,1,0,NORTE,RURAL,SAN JOAQUIN,SAN JOAQUIN,,S/D,S/D,VIA SOLDADOS,  Y BARRIO BARABON GRANDE, ,D,-2.92687142,-79.09907969,EMOV EP-GCT-2019-002061-JUD,LUNES
4931,13/3/2019,MARZO,2019,3:40,EMBRIAGUEZ DEL PEAT”N,ATROPELLO,1,0,NORTE,URBANA,MACHANGARA,MACHANGARA,,S/D,S/D,PARQUEADERO EMPRESA DURAGAS  Y PANAMERICANA NORTE KM 13 ,A,-2.84477798,-78.89563473,EMOV EP-GCT-2019-002307-JUD,MIERCOLES
4964,29/3/2019,MARZO,2019,20:43,IMPRUDENCIA DEL PEATON,ATROPELLO,1,0,SUR,URBANA,MONAY,MONAY,,S/D,S/D,VIA MONAY-BAGUANCHI PACCHA Y VIA MONAY-BAGUANCHI PACCHA,B,-2.91108793,-78.94843322,EMOV EP-GCT-2019-002773-JUD,VIERNES
4988,6/4/2019,ABRIL,2019,18:29,IMPRUDENCIA DEL PEATON,ATROPELLO,1,0,SUR,URBANA,SAN SEBASTIAN,SAN SEBASTIAN,,S/D,S/D,AV. DE LAS AMERICAS Y MARISCAL LAMAR,D,-2.88938891,-79.02232565,EMOV EP-GCT-2019-003096-JUD,SABADO
5043,1/5/2019,MAYO,2019,21:15,CONDUCIR DESATENTO A LAS CONDICIONES DE TR√ÅNSITO,ATROPELLO,1,0,SUR,RURAL,CUMBE,CUMBE,,S/D,S/D,SAN ANTONIO DE CUMBE Y .,B,-3.13771661,-79.0191066479544,EMOV EP-GCT-2019-003985-JUD,MIERCOLES
5048,4/5/2019,MAYO,2019,21:20,CONDUCE BAJO LA INFLUENCIA DE ALCOHOL,CHOQUE LATERAL,2,3,NORTE,URBANA,BELLAVISTA,BELLAVISTA,,S/D,S/D,LUIS CORDERO Y TOMAS DE HERES,A,-2.88565441,-79.00238063,EMOV EP-GCT-2019-004089-JUD,SABADO
5101,26/5/2019,MAYO,2019,14:12,CONDUCIR DESATENTO A LAS CONDICIONES DE TR√ÅNSITO,CHOQUE FRONTAL,1,0,SUR,RURAL,EL VALLE,EL VALLE,,S/D,S/D,VIA A QUILLOPUNGO Y SIN NOMBRE,D,-2.95099584,-78.96970808,EMOV EP-GCT-2019-004870-JUD,DOMINGO
5102,26/5/2019,MAYO,2019,18:37,NO RESPETA LAS SE√ëALES DE TR√ÅNSITO,CHOQUE LATERAL,1,0,NORTE,URBANA,EL VECINO,EL VECINO,,S/D,S/D,AV. AM…RICAS Y LAS LADERAS,D,-2.88177691,-78.98490403,EMOV EP-GCT-2019-004880-JUD,DOMINGO
5116,2/6/2019,JUNIO,2019,3:05,CONDUCE BAJO LA INFLUENCIA DE ALCOHOL,PERDIDA DE PISTA ,1,0,SUR,URBANA,EL BATAN ,EL BATAN,,S/D,S/D,ARGENTINA Y BOLIVIA,A,-2.90248968,-79.02342446,EMOV EP-GCT-2019-005145-JUD,DOMINGO
5121,7/6/2019,JUNIO,2019,18:35,CONDUCIR DESATENTO A LAS CONDICIONES DE TR√ÅNSITO,ARROLLAMIENTO,1,0,NORTE,RURAL,SAYAUSÕ,SAYAUSÕ,,S/D,S/D,VIA A SAYAUSI,A,-2.87205115,-79.0755701,EMOV EP-GCT-2019-005378-JUD,VIERNES
5159,26/6/2019,JUNIO,2019,20:11,EXCESO DE VELOCIDAD,CHOQUE FRONTAL,1,0,NORTE,RURAL,SININCAY,SININCAY,,S/D,S/D,VÕA  SININCAY Y SIN NOMBRE,D,-2.86682135,-79.00615024,EMOV EP-GCT-2019-006207-JUD,MIERCOLES
5160,26/6/2019,JUNIO,2019,21:14,CONDUCE BAJO LA INFLUENCIA DE ALCOHOL,PERDIDA DE PISTA ,1,4,SUR,RURAL,BA—OS,BA—OS,,S/D,S/D,AV. RICARDO DURAN Y ALFONSO CARRION,D,-2.92045859,-79.06529735,EMOV EP-GCT-2019-006208-JUD,MIERCOLES
5166,30/6/2019,JUNIO,2019,1:06,CONDUCE BAJO LA INFLUENCIA DE ALCOHOL,ESTRELLAMIENTO,1,0,NORTE,URBANA,SAN BLAS,SAN BLAS,,S/D,S/D,JUAN JOSE FLORES Y GARCIA MORENO,B,-2.90034524,-78.99442477,EMOV EP-GCT-2019-006353-JUD,DOMINGO
5192,12/7/2019,JULIO,2019,12:09,CONDUCIR DESATENTO A LAS CONDICIONES DE TR√ÅNSITO,ATROPELLO,1,0,SUR,URBANA,MONAY,MONAY,,S/D,S/D,POPAYAN Y CUZCO,A,-2.89726684,-78.96912038,EMOV EP-GCT-2019-006881-JUD,VIERNES
5250,4/8/2019,AGOSTO,2019,4:23,EXCESO DE VELOCIDAD,ESTRELLAMIENTO,1,0,SUR,RURAL,SAN JOAQUIN,SAN SEBASTIAN,,S/D,S/D,VÕA A SOLDADOS,A,-2.90154581,-79.07510858,EMOV EP-GCT-2019-007887-JUD,DOMINGO
5260,7/8/2019,AGOSTO,2019,3:16,CONDUCE BAJO LA INFLUENCIA DE ALCOHOL,PERDIDA DE PISTA ,1,1,SUR,URBANA,YANUNCAY,YANUNCAY,,S/D,S/D,AV. AM…RICAS Y PRIMERO DE MAYO,A,-2.90675182,-79.03346681,EMOV EP-GCT-2019-007989-JUD,MIERCOLES
5266,11/8/2019,AGOSTO,2019,7:19,CONDUCIR DESATENTO A LAS CONDICIONES DE TR√ÅNSITO,ATROPELLO,1,0,NORTE,URBANA,TOTORACOCHA,TERMINAL TERRESTRE,,S/D,S/D,CASTELLANA Y GERONA ,A,-2.89229227,-78.99039754,EMOV EP-GCT-2019-008191-JUD,DOMINGO
5276,16/8/2019,AGOSTO,2019,2:46,CONDUCIR DESATENTO A LAS CONDICIONES DE TR√ÅNSITO,ATROPELLO,1,0,NORTE,RURAL,LLACAO,LLACAO,,S/D,S/D,PANAMERICANA NORTE Y ENTRADA ZHIQUIR,B,-2.84736315,-78.91632746,EMOV EP-GCT-2019-008371-JUD,VIERNES
5278,18/8/2019,AGOSTO,2019,1:45,NO MANTENER LA DISTANCIA CON EL VEH√çCULO QUE LE ANTECEDE,CHOQUE POR ALCANCE,1,0,NORTE,URBANA,HERMANO MIGUEL,HERMANO MIGUEL,,S/D,S/D,JAVIER MALDONADO Y UNIVERSIDAD DEL AZUAY,D,-2.86212539,-78.9817655,EMOV EP-GCT-2019-008474-JUD,DOMINGO
5312,8/9/2019,SEPTIEMBRE,2019,18:22,DEJAR O RECOGER PASAJEROS EN LUGARES NO PERMITIDOS,CAÕDA DE PASAJERO,1,0,SUR,RURAL,SANTA ANA,SANTA ANA,,S/D,S/D,VÕA A SANTA ANA, CUENCA Y VÕA A SANTA ANA,S/G,-2.96991522,-78.93264902,EMOV EP-GCT-2019-009559-JUD,DOMINGO
